"pages","bodyidoutercontainersection1p1textselftext","sectionidspan1span1strong1followingsiblingtext1selftext","sectionidspan1span1a1followingsiblingtext1selftext","sectionidspan1a1precedingsiblingfollowingsiblingtext1selftext","dividbbbf8c5cc8c54dcf943e99efb9be0ecbdiv1div1div1p1textselftext","divid0d71dac77c3a41a6a2a3f5b18b035087div1div1div1p1text1selftext"
"12.html","Utilizziamo i cookie per rendere sempre migliore la tua esperienza d'uso sul nostro sito. Continuando a navigare sul sito, accetti l'utilizzo dei cookie.","","","","",""
"13.html","Utilizziamo i cookie per rendere sempre migliore la tua esperienza d'uso sul nostro sito. Continuando a navigare sul sito, accetti l'utilizzo dei cookie.","","","","",""
"3.html","Utilizziamo i cookie per rendere sempre migliore la tua esperienza d'uso sul nostro sito. Continuando a navigare sul sito, accetti l'utilizzo dei cookie.","","","","",""
"10.html","Utilizziamo i cookie per rendere sempre migliore la tua esperienza d'uso sul nostro sito. Continuando a navigare sul sito, accetti l'utilizzo dei cookie.","","","","",""
"8.html","Utilizziamo i cookie per rendere sempre migliore la tua esperienza d'uso sul nostro sito. Continuando a navigare sul sito, accetti l'utilizzo dei cookie.","","","","",""
"2.html","Utilizziamo i cookie per rendere sempre migliore la tua esperienza d'uso sul nostro sito. Continuando a navigare sul sito, accetti l'utilizzo dei cookie.","","","","",""
"15.html","Utilizziamo i cookie per rendere sempre migliore la tua esperienza d'uso sul nostro sito. Continuando a navigare sul sito, accetti l'utilizzo dei cookie.","","","","",""
"5.html","Utilizziamo i cookie per rendere sempre migliore la tua esperienza d'uso sul nostro sito. Continuando a navigare sul sito, accetti l'utilizzo dei cookie.","","","","",""
"14.html","Utilizziamo i cookie per rendere sempre migliore la tua esperienza d'uso sul nostro sito. Continuando a navigare sul sito, accetti l'utilizzo dei cookie.","� pi� lunga di 16 metri e possiede maggiori e pi� grandi ristoranti, casin�, negozi e aree di intrattenimento.",".","e","MSC Seashore propone una nuova area al ponte 8. L'iconica area piscina a poppa � stata ridisegnata per dare spazio a una nuova lounge a due ponti proprio sotto la piscina.","Una piscina al coperto pi� grande con un ponte aggiuntivo sopra e intorno alla piscina. Un'area per prendere il sole pi� ampia che offre un'esperienza migliore."
"4.html","Utilizziamo i cookie per rendere sempre migliore la tua esperienza d'uso sul nostro sito. Continuando a navigare sul sito, accetti l'utilizzo dei cookie.","","","","",""
"11.html","Utilizziamo i cookie per rendere sempre migliore la tua esperienza d'uso sul nostro sito. Continuando a navigare sul sito, accetti l'utilizzo dei cookie.","","","","",""
"7.html","Utilizziamo i cookie per rendere sempre migliore la tua esperienza d'uso sul nostro sito. Continuando a navigare sul sito, accetti l'utilizzo dei cookie.","","","","",""
"9.html","Utilizziamo i cookie per rendere sempre migliore la tua esperienza d'uso sul nostro sito. Continuando a navigare sul sito, accetti l'utilizzo dei cookie.","","","","",""
"6.html","Utilizziamo i cookie per rendere sempre migliore la tua esperienza d'uso sul nostro sito. Continuando a navigare sul sito, accetti l'utilizzo dei cookie.","","","","",""
